2.2 PL/SQL PROGRAMS – FUNCTIONS



1.Create a function to calculate price_range(low, medium, high) of each product. If price<=5 indicate as low, upto 50 indicate as medium, and above as high.
*********************************************************************************
mysql> delimiter //
mysql> create function priceind(price int)returns varchar(20)
    -> deterministic
    -> begin
    -> declare price_ind varchar(20)
    -> ;
    -> if price<=35 then set price_ind='low';
    -> elseif(price>35 and price<=200)then set price_ind='medium';
    -> elseif price>200 then set price_ind='high';
    -> end if;
    -> return(price_ind);
    -> end
    -> //
Query OK, 0 rows affected (0.18 sec)

mysql> mysql> select pid,pname,price,priceind(price) from product; //
+-----+--------------+-------+-----------------+
| pid | pname        | price | priceind(price) |
+-----+--------------+-------+-----------------+
|   1 | pen          |    10 | low             |
|   2 | pencil       |     5 | low             |
|   3 | soap         |    36 | medium          |
|   4 | notebook     |    51 | medium          |
|   5 | matchbox max |    61 | medium          |
+-----+--------------+-------+-----------------+
5 rows in set (0.00 sec)

2.3  PL/SQL PROGRAMS – TRIGGERS
********************************
1.      Create a trigger to handle updates to the customer table. 

mysql> create temporary table cust select * from customer; //
Query OK, 6 rows affected (0.03 sec)
Records: 6  Duplicates: 0  Warnings: 0

mysql> select * from cust;
    -> //
+-------+--------+------------------+---------+--------------+
| id    | name   | adress           | city    | ph_no        |
+-------+--------+------------------+---------+--------------+
|  1005 | nijil  | jkgjahkd         | ekm     |    987458975 |
|  1006 | neethu | vayittila        | ekm     |    987458975 |
| 10002 | albin  | ernakulam        | ekm     |         NULL |
| 10003 | arun   | thiruvanthapuram | tvm     |    949897562 |
| 10004 | aleena | waynad           | vithyir | 628242293250 |
| 10006 | aksh   | kozhikode        | calicut |         NULL |
+-------+--------+------------------+---------+--------------+
6 rows in set (0.00 sec)

mysql> truncate cust; //
Query OK, 0 rows affected (0.00 sec)

mysql> select * from cust;
    -> //
Empty set (0.00 sec)


mysql> create trigger cust_trig after update on customer for each row begin insert into cust set id=new.id,name=new.name,adress=new.adress,cit
y=new.city,ph_no=new.ph_no; end//
Query OK, 0 rows affected (0.15 sec)

mysql> 


2.      Create a trigger to handle inserts to the product relation ( if price < 5 the set price to 10). 


mysql> desc cust; //
+--------+-------------+------+-----+---------+-------+
| Field  | Type        | Null | Key | Default | Extra |
+--------+-------------+------+-----+---------+-------+
| id     | int         | NO   |     | NULL    | NULL  |
| name   | varchar(15) | YES  |     | NULL    | NULL  |
| adress | varchar(50) | YES  |     | NULL    | NULL  |
| city   | varchar(20) | YES  |     | NULL    | NULL  |
| ph_no  | bigint      | YES  |     | NULL    | NULL  |
+--------+-------------+------+-----+---------+-------+
5 rows in set (0.00 sec)

mysql> create trigger cust_trig after update on customer for each row begin insert into cust set id=new.id,name=new.name,adress=new.adress,cit
y=new.city,ph_no=new.ph_no; end//
Query OK, 0 rows affected (0.15 sec)

mysql> select * from customer;//
+-------+--------+------------------+---------+--------------+
| id    | name   | adress           | city    | ph_no        |
+-------+--------+------------------+---------+--------------+
|  1005 | nijil  | jkgjahkd         | ekm     |    987458975 |
|  1006 | neethu | vayittila        | ekm     |    987458975 |
| 10002 | albin  | ernakulam        | ekm     |         NULL |
| 10003 | arun   | thiruvanthapuram | tvm     |    949897562 |
| 10004 | aleena | waynad           | vithyir | 628242293250 |
| 10006 | aksh   | kozhikode        | calicut |         NULL |
+-------+--------+------------------+---------+--------------+
6 rows in set (0.00 sec)

mysql> update customer set city="idukki" where id=10006; //
Query OK, 1 row affected (0.10 sec)
Rows matched: 1  Changed: 1  Warnings: 0

mysql> update customer set ph_no="98787984" where id=10002; //
Query OK, 1 row affected (0.07 sec)
Rows matched: 1  Changed: 1  Warnings: 0

mysql> select * from customer;//
+-------+--------+------------------+---------+--------------+
| id    | name   | adress           | city    | ph_no        |
+-------+--------+------------------+---------+--------------+
|  1005 | nijil  | jkgjahkd         | ekm     |    987458975 |
|  1006 | neethu | vayittila        | ekm     |    987458975 |
| 10002 | albin  | ernakulam        | ekm     |     98787984 |
| 10003 | arun   | thiruvanthapuram | tvm     |    949897562 |
| 10004 | aleena | waynad           | vithyir | 628242293250 |
| 10006 | aksh   | kozhikode        | idukki  |         NULL |
+-------+--------+------------------+---------+--------------+
6 rows in set (0.00 sec)

mysql> select * from cust;//
+-------+-------+-----------+--------+----------+
| id    | name  | adress    | city   | ph_no    |
+-------+-------+-----------+--------+----------+
| 10006 | aksh  | kozhikode | idukki |     NULL |
| 10002 | albin | ernakulam | ekm    | 98787984 |
+-------+-------+-----------+--------+----------+
2 rows in set (0.00 sec)

mysql> 


//VERIFIED

